train_acc,train_loss,val_acc,val_loss
0.65404,1.1627761,0.8020253164556964,0.6045682
0.8091799999999998,0.5756813,0.8272151898734177,0.5128432
