train_acc,train_loss,val_acc,val_loss
0.025,3.8485107,0.024999999999999998,3.8478262
0.027000000000000003,3.8473923,0.022151898734177215,3.8434255
